,407,53,65,111,154,158,229,234,236,340,381,time
0,-2059.484130859375,36.07805633544922,38.293006896972656,35.7547492980957,35.52116394042969,35.555381774902344,35.44327163696289,37.03361129760742,39.39668273925781,38.05497360229492,37.27840805053711,0
1,-1989.8284912109375,36.36237716674805,38.57254409790039,36.02928924560547,35.790653228759766,35.81938934326172,35.72821807861328,37.31892776489258,39.64299011230469,38.300838470458984,37.57194519042969,1
2,-1845.672607421875,36.87244415283203,39.07622146606445,36.50728225708008,36.3168830871582,36.30555725097656,36.235992431640625,37.82696533203125,40.077030181884766,38.75611114501953,38.0916633605957,2
3,-1778.58447265625,37.08186340332031,39.31810760498047,36.698123931884766,36.520606994628906,36.49824905395508,36.44471740722656,38.0468864440918,40.35087966918945,39.0164794921875,38.337284088134766,3
4,-1789.475341796875,37.04367446899414,39.272003173828125,36.67010498046875,36.48777770996094,36.46799087524414,36.406944274902344,38.00982666015625,40.22171401977539,38.94564437866211,38.288875579833984,4
5,-1925.555419921875,36.600852966308594,38.79449462890625,36.255088806152344,36.03999710083008,36.050167083740234,35.96641540527344,37.55887985229492,39.76075744628906,38.46803665161133,37.795440673828125,5
6,-2203.74462890625,35.406219482421875,37.591800689697266,35.119972229003906,34.81023025512695,34.905086517333984,34.77424621582031,36.35814666748047,38.70892333984375,37.301856994628906,36.56170654296875,6
7,-2510.0546875,33.53929901123047,35.78181076049805,33.31294631958008,32.886009216308594,33.085227966308594,32.91000747680664,34.49221420288086,37.06414794921875,35.511146545410156,34.671688079833984,7
8,-2509.90771484375,33.53504180908203,35.760799407958984,33.318260192871094,32.89895248413086,33.089393615722656,32.906429290771484,34.48222732543945,37.01840591430664,35.504119873046875,34.65205764770508,8
9,-2419.4638671875,34.15752410888672,36.379615783691406,33.918819427490234,33.52631378173828,33.69304656982422,33.531524658203125,35.11226272583008,37.58591842651367,36.11883544921875,35.3004150390625,9
10,-2422.76416015625,34.13655090332031,36.34066390991211,33.89775466918945,33.513065338134766,33.67808532714844,33.51036834716797,35.0837516784668,37.509464263916016,36.107940673828125,35.25275421142578,10
11,-2411.958251953125,34.20783615112305,36.418914794921875,33.966209411621094,33.58109664916992,33.74456024169922,33.581295013427734,35.15636444091797,37.63817596435547,36.19759750366211,35.334293365478516,11
12,-2361.92529296875,34.520084381103516,36.723175048828125,34.27730178833008,33.902435302734375,34.04978561401367,33.89288330078125,35.46726989746094,37.93650817871094,36.472354888916016,35.64232635498047,12
13,-2284.290771484375,34.96754455566406,37.14270782470703,34.71482849121094,34.38005065917969,34.4928092956543,34.33915710449219,35.914005279541016,38.27347946166992,36.8697624206543,36.08332824707031,13
14,-2333.9443359375,34.67991256713867,36.882118225097656,34.44163513183594,34.07926940917969,34.21851348876953,34.05223846435547,35.62858200073242,38.11256408691406,36.6471061706543,35.80337905883789,14
15,-2399.64453125,34.27853775024414,36.49412155151367,34.05220031738281,33.652034759521484,33.82716369628906,33.65254211425781,35.22654724121094,37.707576751708984,36.22793197631836,35.40057373046875,15
16,-2456.618408203125,33.90211486816406,36.134220123291016,33.68014144897461,33.270896911621094,33.45997619628906,33.27664566040039,34.85036087036133,37.42119216918945,35.885982513427734,35.02799606323242,16
17,-2493.552490234375,33.649070739746094,35.86125183105469,33.43132400512695,33.0071907043457,33.20750045776367,33.024566650390625,34.59349060058594,37.14626693725586,35.604759216308594,34.737457275390625,17
18,-2519.014892578125,33.467376708984375,35.68558120727539,33.253780364990234,32.83360290527344,33.03373336791992,32.8437614440918,34.41699981689453,36.94776916503906,35.42290115356445,34.57011795043945,18
19,-2489.324462890625,33.67873001098633,35.88936996459961,33.458824157714844,33.04608154296875,33.24586868286133,33.05447006225586,34.62644577026367,37.10200500488281,35.59676742553711,34.77774429321289,19
20,-2460.495361328125,33.878421783447266,36.08298110961914,33.65664291381836,33.24343490600586,33.43086624145508,33.254295349121094,34.827720642089844,37.32561492919922,35.79994201660156,34.979679107666016,20
21,-2403.694091796875,34.24587631225586,36.44693374633789,34.02235412597656,33.638938903808594,33.80540466308594,33.62107467651367,35.19620895385742,37.64957046508789,36.16510772705078,35.36000442504883,21
22,-2339.337158203125,34.64822006225586,36.83091354370117,34.40506362915039,34.04594802856445,34.190574645996094,34.0237922668457,35.59884262084961,37.970947265625,36.51997756958008,35.77698516845703,22
23,-2259.643310546875,35.09528350830078,37.254486083984375,34.83806610107422,34.52996063232422,34.63373947143555,34.469844818115234,36.04198455810547,38.28544616699219,36.902931213378906,36.2139892578125,23
24,-2088.947998046875,35.93837356567383,38.094215393066406,35.640140533447266,35.385684967041016,35.43790054321289,35.310726165771484,36.88921356201172,39.05496597290039,37.7458610534668,37.087642669677734,24
25,-2023.3184814453125,36.223060607910156,38.4073371887207,35.90116500854492,35.663169860839844,35.701053619384766,35.59356689453125,37.18037414550781,39.44681930541992,38.081398010253906,37.40523910522461,25
26,-1969.403076171875,36.43668746948242,38.62413024902344,36.10281753540039,35.87891387939453,35.89688491821289,35.80634689331055,37.39511489868164,39.63671112060547,38.29903793334961,37.62749481201172,26
27,-1843.651123046875,36.872222900390625,39.07244873046875,36.514678955078125,36.336029052734375,36.312110900878906,36.23965072631836,37.83401870727539,40.08351135253906,38.78006362915039,38.08129119873047,27
28,-1763.6361083984375,37.116024017333984,39.34498596191406,36.73936462402344,36.58051681518555,36.53845977783203,36.48012924194336,38.084999084472656,40.355403900146484,39.05390167236328,38.36488723754883,28
29,-1779.4505615234375,37.073978424072266,39.282798767089844,36.697288513183594,36.5289192199707,36.49661636352539,36.4394645690918,38.040855407714844,40.251949310302734,38.98583984375,38.314605712890625,29
30,-1925.59814453125,36.602115631103516,38.797821044921875,36.2556266784668,36.041099548339844,36.0493049621582,35.9702033996582,37.564273834228516,39.78947830200195,38.475162506103516,37.81273651123047,30
31,-2175.625244140625,35.54768753051758,37.75453567504883,35.254364013671875,34.95553207397461,35.03263854980469,34.91755294799805,36.50807571411133,38.8184814453125,37.429405212402344,36.72652053833008,31
32,-2490.96240234375,33.67652893066406,35.93196105957031,33.45329284667969,33.0316276550293,33.22144317626953,33.04867172241211,34.63720703125,37.22835159301758,35.672203063964844,34.83435821533203,32
33,-2510.4794921875,33.52595520019531,35.75823974609375,33.31925964355469,32.88401412963867,33.098045349121094,32.8985481262207,34.475582122802734,36.94749450683594,35.4811897277832,34.65557861328125,33
34,-2423.98095703125,34.12130355834961,36.346824645996094,33.89392852783203,33.49625778198242,33.67345428466797,33.49480438232422,35.0766716003418,37.54450607299805,36.06331253051758,35.27117919921875,34
35,-2422.322998046875,34.1297607421875,36.33638000488281,33.90433120727539,33.51818084716797,33.680843353271484,33.5015754699707,35.07623291015625,37.50555419921875,36.0467414855957,35.2682991027832,35
36,-2410.90380859375,34.20191955566406,36.420135498046875,33.97753143310547,33.602230072021484,33.75486373901367,33.57432556152344,35.154701232910156,37.5854606628418,36.12467575073242,35.3516960144043,36
37,-2356.088623046875,34.540122985839844,36.73793029785156,34.30691146850586,33.967411041259766,34.09355926513672,33.91230010986328,35.48823547363281,37.82878112792969,36.413509368896484,35.67599868774414,37
38,-2279.589599609375,34.989017486572266,37.157257080078125,34.73649215698242,34.40840148925781,34.51856231689453,34.36151123046875,35.933799743652344,38.22589874267578,36.839637756347656,36.11065673828125,38
39,-2344.47216796875,34.62006378173828,36.81266784667969,34.374351501464844,34.01264572143555,34.14999771118164,33.99443054199219,35.57185745239258,37.97679138183594,36.50518035888672,35.7401008605957,39
40,-2387.9013671875,34.35085678100586,36.57297134399414,34.11983108520508,33.73408126831055,33.88934326171875,33.725128173828125,35.305450439453125,37.763214111328125,36.242347717285156,35.48823165893555,40
41,-2466.140625,33.83938980102539,36.071956634521484,33.61765670776367,33.21780014038086,33.394317626953125,33.21591567993164,34.79645919799805,37.27994918823242,35.77045440673828,34.968475341796875,41
42,-2498.688720703125,33.61475372314453,35.842559814453125,33.40092086791992,32.99104309082031,33.166019439697266,32.99149703979492,34.57135009765625,37.05488586425781,35.55127716064453,34.750946044921875,42
43,-2499.925048828125,33.602176666259766,35.818416595458984,33.39049530029297,32.983333587646484,33.16400909423828,32.980159759521484,34.557857513427734,37.00167465209961,35.530128479003906,34.703765869140625,43
44,-2501.80224609375,33.587181091308594,35.80350875854492,33.38017272949219,32.9573974609375,33.15361022949219,32.965274810791016,34.5443229675293,37.025943756103516,35.51062774658203,34.69292449951172,44
45,-2465.612060546875,33.84107971191406,36.07160186767578,33.61943435668945,33.2082405090332,33.397605895996094,33.2180061340332,34.801002502441406,37.36091995239258,35.801368713378906,34.96934509277344,45
46,-2401.224853515625,34.26666259765625,36.46918869018555,34.02857971191406,33.66272735595703,33.816314697265625,33.64287185668945,35.22221374511719,37.70585250854492,36.16271209716797,35.40120315551758,46
47,-2341.781494140625,34.63846969604492,36.83842086791992,34.38231658935547,34.04186248779297,34.17060470581055,34.012882232666016,35.59222412109375,38.03959655761719,36.5374870300293,35.78774642944336,47
48,-2250.803955078125,35.152626037597656,37.30767059326172,34.88344192504883,34.57072448730469,34.67048645019531,34.52717590332031,36.10121154785156,38.40355682373047,36.99515914916992,36.295284271240234,48
49,-2091.591796875,35.92557907104492,38.06336212158203,35.629554748535156,35.38278579711914,35.42314910888672,35.297088623046875,36.870521545410156,39.044891357421875,37.70493698120117,37.08277130126953,49
50,-2040.6156005859375,36.14814758300781,38.31657409667969,35.835723876953125,35.59707260131836,35.634883880615234,35.51903533935547,37.10097885131836,39.31189727783203,37.98966598510742,37.33634567260742,50
51,-1967.4771728515625,36.439388275146484,38.6138801574707,36.110321044921875,35.895816802978516,35.90349197387695,35.809730529785156,37.39509963989258,39.62322998046875,38.29399490356445,37.626129150390625,51
52,-1837.36376953125,36.89657211303711,39.10296630859375,36.533939361572266,36.35986328125,36.32988739013672,36.26469039916992,37.8632926940918,40.136634826660156,38.83592987060547,38.12727355957031,52
53,-1760.2567138671875,37.12117004394531,39.33414840698242,36.74566650390625,36.590938568115234,36.55160903930664,36.48807144165039,38.08529281616211,40.28697967529297,39.030277252197266,38.371299743652344,53
54,-1788.939208984375,37.040687561035156,39.26641845703125,36.67062759399414,36.50004196166992,36.471893310546875,36.407737731933594,38.007694244384766,40.25699996948242,38.96816635131836,38.28871536254883,54
55,-1919.0225830078125,36.613006591796875,38.80473327636719,36.27434539794922,36.08369445800781,36.07732391357422,35.98064041137695,37.570465087890625,39.77872085571289,38.5058708190918,37.81755828857422,55
56,-2202.678466796875,35.4017333984375,37.5755500793457,35.12336730957031,34.837162017822266,34.9123420715332,34.77260208129883,36.34885025024414,38.699764251708984,37.281211853027344,36.55729293823242,56
57,-2489.6923828125,33.68124771118164,35.921058654785156,33.45630645751953,33.04988479614258,33.228885650634766,33.055362701416016,34.63329315185547,37.29438781738281,35.67690658569336,34.83478546142578,57
58,-2495.341552734375,33.63668441772461,35.87117385864258,33.41603088378906,33.00817108154297,33.19108200073242,33.01111602783203,34.587432861328125,37.0810432434082,35.5426025390625,34.78429412841797,58
59,-2424.366455078125,34.11717224121094,36.33785629272461,33.8839225769043,33.49835205078125,33.67165756225586,33.49125289916992,35.0662956237793,37.575931549072266,36.03358840942383,35.26630401611328,59
60,-2430.952880859375,34.07476806640625,36.284114837646484,33.84294128417969,33.46352005004883,33.629634857177734,33.45024490356445,35.02759552001953,37.56684494018555,35.978702545166016,35.2151985168457,60
61,-2402.350341796875,34.261138916015625,36.47852325439453,34.02812576293945,33.649723052978516,33.807044982910156,33.63713455200195,35.21600341796875,37.815834045410156,36.22031021118164,35.41025924682617,61
62,-2348.4150390625,34.59364318847656,36.806461334228516,34.35171127319336,34.0023307800293,34.137184143066406,33.967838287353516,35.54900360107422,38.08111572265625,36.530738830566406,35.75762176513672,62
63,-2279.7783203125,34.98660659790039,37.16971969604492,34.73331832885742,34.41732406616211,34.5265007019043,34.359962463378906,35.938838958740234,38.3661994934082,36.874900817871094,36.134178161621094,63
64,-2325.8056640625,34.71874237060547,36.90581130981445,34.48562240600586,34.14402389526367,34.27731704711914,34.092716217041016,35.67024230957031,38.13804244995117,36.603546142578125,35.848052978515625,64
65,-2386.618896484375,34.35404586791992,36.56475067138672,34.12827682495117,33.77104187011719,33.91215133666992,33.72915267944336,35.306819915771484,37.96922302246094,36.325157165527344,35.49358367919922,65
66,-2443.657470703125,33.9924201965332,36.20267868041992,33.77134323120117,33.38246536254883,33.5477294921875,33.36953353881836,34.94498825073242,37.597412109375,35.93269729614258,35.11882781982422,66
67,-2488.20947265625,33.69455337524414,35.92055892944336,33.47565841674805,33.02862548828125,33.237876892089844,33.073734283447266,34.65528869628906,37.29032516479492,35.66166687011719,34.83319091796875,67
68,-2502.92236328125,33.57960510253906,35.79669952392578,33.3843879699707,32.95127487182617,33.14656066894531,32.956085205078125,34.53519821166992,37.11457824707031,35.5340690612793,34.70891189575195,68
69,-2490.423095703125,33.665985107421875,35.88735580444336,33.465396881103516,33.06728744506836,33.22529983520508,33.041175842285156,34.61949920654297,37.277366638183594,35.651485443115234,34.80042266845703,69
70,-2468.57958984375,33.8173942565918,36.00200653076172,33.60624313354492,33.22241973876953,33.38253402709961,33.1922721862793,34.75947952270508,37.30019760131836,35.752803802490234,34.90980911254883,70
71,-2415.2060546875,34.17378234863281,36.35438919067383,33.94657897949219,33.57675552368164,33.72871017456055,33.55016326904297,35.11979293823242,37.6448860168457,36.11957931518555,35.27976989746094,71
72,-2336.791748046875,34.664180755615234,36.84468078613281,34.41279220581055,34.073490142822266,34.19379806518555,34.0406608581543,35.61436462402344,38.12195587158203,36.58083724975586,35.794029235839844,72
73,-2254.38671875,35.1182746887207,37.25646209716797,34.861358642578125,34.563106536865234,34.660797119140625,34.49391174316406,36.06498336791992,38.36454772949219,36.954532623291016,36.23476791381836,73
74,-2088.052001953125,35.938568115234375,38.08681106567383,35.641910552978516,35.399932861328125,35.439964294433594,35.31174850463867,36.8912353515625,39.12080764770508,37.79851531982422,37.09944152832031,74
75,-2038.0076904296875,36.159698486328125,38.319915771484375,35.8484992980957,35.60987854003906,35.639286041259766,35.53158950805664,37.113155364990234,39.38422775268555,38.045623779296875,37.338565826416016,75
76,-1957.6822509765625,36.47528076171875,38.644813537597656,36.14695358276367,35.93659973144531,35.942298889160156,35.8458137512207,37.431915283203125,39.684452056884766,38.35108184814453,37.6795539855957,76
77,-1841.0823974609375,36.87441635131836,39.0673828125,36.524375915527344,36.34687042236328,36.326416015625,36.24104309082031,37.8330078125,40.13331985473633,38.807945251464844,38.10148620605469,77
78,-1770.59814453125,37.09971618652344,39.3263053894043,36.72211837768555,36.55840301513672,36.51579284667969,36.46485900878906,38.06510543823242,40.47213363647461,39.10445785522461,38.35578536987305,78
79,-1794.3582763671875,37.02876663208008,39.238006591796875,36.655555725097656,36.479732513427734,36.450077056884766,36.39596176147461,37.993534088134766,40.26595687866211,38.96691131591797,38.26277542114258,79
80,-1913.796875,36.63148880004883,38.803443908691406,36.29399108886719,36.08522033691406,36.09101104736328,35.999507904052734,37.58395004272461,39.793304443359375,38.49203109741211,37.824832916259766,80
81,-2188.731201171875,35.47317886352539,37.64202880859375,35.19361877441406,34.89344024658203,34.97838592529297,34.84415054321289,36.41820526123047,38.8396110534668,37.450557708740234,36.622535705566406,81
82,-2502.917236328125,33.58336639404297,35.81025695800781,33.37223815917969,32.94126892089844,33.13651657104492,32.95835876464844,34.531471252441406,37.18435287475586,35.61628341674805,34.70928192138672,82
83,-2505.094970703125,33.5682258605957,35.7846565246582,33.354488372802734,32.91590118408203,33.11854553222656,32.94498825073242,34.515045166015625,37.17598342895508,35.57026672363281,34.68653106689453,83
84,-2424.788818359375,34.111595153808594,36.31492233276367,33.88671112060547,33.487911224365234,33.66617202758789,33.487449645996094,35.066646575927734,37.59095001220703,36.04466247558594,35.24793243408203,84
85,-2440.381103515625,34.010128021240234,36.2301139831543,33.78811264038086,33.37925338745117,33.56559371948242,33.38676834106445,34.965816497802734,37.46890640258789,35.96076202392578,35.15255355834961,85
86,-2420.421142578125,34.138614654541016,36.33983612060547,33.914859771728516,33.51791000366211,33.69919967651367,33.51422882080078,35.090396881103516,37.51795196533203,36.0638542175293,35.27819061279297,86
87,-2359.715576171875,34.51616668701172,36.70596694946289,34.282814025878906,33.9205436706543,34.073692321777344,33.892799377441406,35.47087097167969,37.837059020996094,36.38927459716797,35.65715789794922,87
88,-2273.876708984375,35.00553894042969,37.16669464111328,34.762367248535156,34.460113525390625,34.565025329589844,34.380008697509766,35.955650329589844,38.240623474121094,36.84730529785156,36.13100814819336,88
89,-2309.554443359375,34.8125,37.03495788574219,34.572330474853516,34.23908615112305,34.36149597167969,34.18792724609375,35.77632522583008,38.10750961303711,36.694732666015625,35.96662139892578,89
90,-2390.63720703125,34.32830047607422,36.581912994384766,34.10466766357422,33.73227310180664,33.88414001464844,33.70412826538086,35.29547119140625,37.68906021118164,36.25381851196289,35.5086669921875,90
91,-2456.120361328125,33.90492630004883,36.14657211303711,33.68528747558594,33.293338775634766,33.468727111816406,33.281150817871094,34.865055084228516,37.265811920166016,35.79206466674805,35.0516471862793,91
92,-2494.408935546875,33.63530349731445,35.88065719604492,33.43470001220703,33.016632080078125,33.20341110229492,33.0120735168457,34.59457015991211,37.056400299072266,35.557594299316406,34.76956558227539,92
93,-2525.71044921875,33.41272735595703,35.650081634521484,33.21105194091797,32.796382904052734,32.977882385253906,32.788143157958984,34.367340087890625,36.826480865478516,35.32733917236328,34.53357696533203,93
94,-2486.672119140625,33.70022201538086,35.962345123291016,33.48286819458008,33.08136749267578,33.24247741699219,33.077030181884766,34.66219711303711,37.17930221557617,35.67414093017578,34.862735748291016,94
95,-2458.7509765625,33.89189529418945,36.162044525146484,33.67243194580078,33.26861572265625,33.43305206298828,33.267417907714844,34.858726501464844,37.43960189819336,35.88151550292969,35.068397521972656,95
96,-2394.54345703125,34.30961227416992,36.55353546142578,34.07929992675781,33.70992660522461,33.84918975830078,33.68649673461914,35.27406311035156,37.754364013671875,36.23685073852539,35.46129608154297,96
97,-2332.57568359375,34.693519592285156,36.92994689941406,34.446659088134766,34.096256256103516,34.218196868896484,34.06950759887695,35.65723419189453,38.11433792114258,36.71812057495117,35.86922073364258,97
98,-2243.925048828125,35.17884826660156,37.37425994873047,34.92441940307617,34.60770797729492,34.707183837890625,34.55416488647461,36.13848876953125,38.528079986572266,37.13591003417969,36.340728759765625,98
99,-2068.6376953125,36.01901626586914,38.19480895996094,35.72599792480469,35.4717903137207,35.52195739746094,35.39240646362305,36.97600173950195,39.21603775024414,37.909324645996094,37.18423843383789,99
100,-2029.0882568359375,36.19453430175781,38.38591384887695,35.884498596191406,35.645050048828125,35.6736946105957,35.564666748046875,37.155338287353516,39.408348083496094,38.11001205444336,37.38441848754883,100
101,-1963.9197998046875,36.45307922363281,38.66741180419922,36.12071228027344,35.902496337890625,35.91750717163086,35.82237243652344,37.42002868652344,39.63517761230469,38.379451751708984,37.676361083984375,101
102,-1842.6766357421875,36.884498596191406,39.11609649658203,36.51904296875,36.32135009765625,36.309295654296875,36.252384185791016,37.858211517333984,40.04951858520508,38.820045471191406,38.14035415649414,102
103,-1761.0687255859375,37.13132858276367,39.38575744628906,36.74610900878906,36.58367156982422,36.5399169921875,36.49701690673828,38.10731887817383,40.32205581665039,39.08135986328125,38.40040588378906,103
104,-1790.2799072265625,37.04362869262695,39.29117202758789,36.66789627075195,36.492393493652344,36.46387481689453,36.40953063964844,38.01779556274414,40.20408248901367,38.96649169921875,38.311649322509766,104
105,-1917.483154296875,36.63404846191406,38.855594635009766,36.28538513183594,36.07145690917969,36.06961441040039,36.00130844116211,37.60026931762695,39.78068542480469,38.5511474609375,37.86616516113281,105
106,-2196.17431640625,35.44047164916992,37.6310920715332,35.15945816040039,34.85869216918945,34.9342155456543,34.81180953979492,36.39643859863281,38.63950729370117,37.30754470825195,36.599361419677734,106
107,-2502.508544921875,33.59434509277344,35.85709762573242,33.37879180908203,32.93990707397461,33.12648010253906,32.968360900878906,34.55498504638672,37.17231750488281,35.60238265991211,34.75727462768555,107
108,-2490.7705078125,33.6790885925293,35.928585052490234,33.457584381103516,33.02546691894531,33.21318817138672,33.05354690551758,34.63675308227539,37.234676361083984,35.69344711303711,34.82912063598633,108
109,-2426.76171875,34.103397369384766,36.34468078613281,33.87788009643555,33.483367919921875,33.65312957763672,33.47620391845703,35.05721664428711,37.62498474121094,36.09756088256836,35.248172760009766,109
110,-2433.941650390625,34.048927307128906,36.27604675292969,33.82940673828125,33.43426513671875,33.60633087158203,33.42222213745117,35.00160217285156,37.43309783935547,35.9915657043457,35.190670013427734,110
111,-2409.77490234375,34.20981216430664,36.448551177978516,33.980995178222656,33.608734130859375,33.760765075683594,33.58452224731445,35.16698455810547,37.67061233520508,36.19929885864258,35.371402740478516,111
112,-2352.861328125,34.57254409790039,36.80731201171875,34.32471466064453,33.965023040771484,34.108978271484375,33.945159912109375,35.52504348754883,38.13336181640625,36.59810256958008,35.742374420166016,112
113,-2269.845458984375,35.037471771240234,37.23116683959961,34.78902816772461,34.4793815612793,34.58620071411133,34.41012954711914,35.984310150146484,38.47195816040039,36.975379943847656,36.183834075927734,113
114,-2330.1123046875,34.700279235839844,36.917327880859375,34.4592399597168,34.115875244140625,34.24000930786133,34.07266616821289,35.64668655395508,38.236202239990234,36.69342041015625,35.842857360839844,114
115,-2393.468994140625,34.31769561767578,36.54418182373047,34.08097457885742,33.71152114868164,33.863441467285156,33.69236755371094,35.26901626586914,37.83750915527344,36.30771255493164,35.460384368896484,115
116,-2443.23046875,33.99142837524414,36.22039031982422,33.77001190185547,33.370784759521484,33.54790115356445,33.36592102050781,34.94148635864258,37.46925735473633,35.967926025390625,35.131065368652344,116
117,-2484.837646484375,33.707176208496094,35.9286994934082,33.489891052246094,33.09162902832031,33.26675033569336,33.08340835571289,34.65865707397461,37.16671371459961,35.63679504394531,34.831233978271484,117
118,-2507.997802734375,33.53839874267578,35.751617431640625,33.330177307128906,32.928741455078125,33.10406494140625,32.91423797607422,34.4881477355957,36.97636795043945,35.46839141845703,34.657508850097656,118
119,-2497.935791015625,33.604061126708984,35.813167572021484,33.403656005859375,33.02212905883789,33.18440246582031,32.979801177978516,34.5508918762207,36.993839263916016,35.51581573486328,34.70926284790039,119
120,-2458.91552734375,33.875755310058594,36.085182189941406,33.66812515258789,33.272117614746094,33.44644546508789,33.25273895263672,34.82305145263672,37.297569274902344,35.80278015136719,34.9973258972168,120
121,-2406.09033203125,34.22293472290039,36.42226791381836,34.00990295410156,33.64997100830078,33.78971862792969,33.598114013671875,35.169490814208984,37.619564056396484,36.14995193481445,35.34628677368164,121
122,-2322.97265625,34.738014221191406,36.94473648071289,34.4968376159668,34.16898727416992,34.27969741821289,34.111717224121094,35.6907958984375,38.20671844482422,36.7245979309082,35.908592224121094,122
123,-2255.141845703125,35.11650085449219,37.279266357421875,34.86350631713867,34.5621452331543,34.655967712402344,34.488521575927734,36.06242370605469,38.37200164794922,37.008975982666016,36.273067474365234,123
124,-2089.886962890625,35.9370231628418,38.118690490722656,35.636192321777344,35.38931655883789,35.42845153808594,35.30663299560547,36.893035888671875,39.0744743347168,37.79853820800781,37.15090560913086,124
125,-2031.58349609375,36.1878662109375,38.37526321411133,35.87095642089844,35.6402702331543,35.66497039794922,35.557350158691406,37.14789962768555,39.31205368041992,38.052825927734375,37.41839599609375,125
126,-1965.3590087890625,36.449153900146484,38.636898040771484,36.118141174316406,35.90407943725586,35.91565704345703,35.817649841308594,37.407958984375,39.565242767333984,38.31703567504883,37.68790817260742,126
127,-1827.4654541015625,36.930419921875,39.14009094238281,36.561222076416016,36.377864837646484,36.359840393066406,36.298362731933594,37.8990364074707,39.97988510131836,38.76029968261719,38.19306182861328,127
128,-1755.8314208984375,37.14246368408203,39.365020751953125,36.76089096069336,36.58975601196289,36.557186126708984,36.50898742675781,38.11133575439453,40.213687896728516,39.00914001464844,38.42060470581055,128
129,-1788.2176513671875,37.04759216308594,39.26361846923828,36.67106628417969,36.4941520690918,36.469608306884766,36.41445541381836,38.01670837402344,40.13558578491211,38.92219543457031,38.31958770751953,129
130,-1904.1082763671875,36.67893981933594,38.85882568359375,36.32426834106445,36.12205123901367,36.1169319152832,36.046226501464844,37.638851165771484,39.69026184082031,38.5020866394043,37.914329528808594,130
131,-2189.331298828125,35.478572845458984,37.64460754394531,35.18891906738281,34.89194107055664,34.97079849243164,34.849571228027344,36.42886734008789,38.65720748901367,37.31058883666992,36.644527435302734,131
132,-2503.5732421875,33.58836364746094,35.808712005615234,33.366573333740234,32.95371627807617,33.12961959838867,32.964115142822266,34.536895751953125,37.08938217163086,35.532005310058594,34.731056213378906,132
133,-2506.830810546875,33.55924987792969,35.77507400512695,33.3443717956543,32.94123458862305,33.113502502441406,32.93362045288086,34.507198333740234,37.10907745361328,35.530548095703125,34.69355773925781,133
134,-2411.670654296875,34.198486328125,36.38899230957031,33.966835021972656,33.61691665649414,33.74739456176758,33.57261276245117,35.142738342285156,37.64388656616211,36.10338592529297,35.32229995727539,134
135,-2425.194580078125,34.1083869934082,36.30034637451172,33.885528564453125,33.51589584350586,33.66073226928711,33.48406982421875,35.05632400512695,37.478511810302734,35.970401763916016,35.23435974121094,135
136,-2390.181640625,34.32794189453125,36.510406494140625,34.103233337402344,33.748104095458984,33.885101318359375,33.703067779541016,35.273441314697266,37.60276794433594,36.191856384277344,35.45348358154297,136
137,-2361.3896484375,34.511940002441406,36.70572280883789,34.2767333984375,33.92024230957031,34.061248779296875,33.88683319091797,35.46091079711914,37.90060043334961,36.44792556762695,35.65032958984375,137
138,-2288.6220703125,34.930484771728516,37.097434997558594,34.68910598754883,34.367095947265625,34.48159408569336,34.30511474609375,35.87908172607422,38.208106994628906,36.79150390625,36.06484603881836,138
139,-2324.60107421875,34.72905349731445,36.92319869995117,34.49331283569336,34.16379165649414,34.27296447753906,34.10206985473633,35.67888641357422,38.11074447631836,36.653663635253906,35.87483596801758,139
140,-2393.766357421875,34.3055534362793,36.5216178894043,34.08420181274414,33.72364807128906,33.864383697509766,33.679931640625,35.25971603393555,37.699951171875,36.216270446777344,35.459537506103516,140
141,-2465.2958984375,33.83164596557617,36.04652786254883,33.62754821777344,33.2382698059082,33.410888671875,33.20871353149414,34.78314971923828,37.25824737548828,35.763736724853516,34.97085189819336,141
142,-2500.080322265625,33.592918395996094,35.815460205078125,33.389862060546875,32.99053955078125,33.17000198364258,32.970191955566406,34.54905700683594,36.983367919921875,35.51052474975586,34.72303771972656,142
143,-2515.53076171875,33.47881317138672,35.695858001708984,33.28437423706055,32.88422775268555,33.061885833740234,32.85525131225586,34.42854309082031,36.91762924194336,35.396148681640625,34.60752487182617,143
144,-2489.807861328125,33.66506576538086,35.897911071777344,33.46171188354492,33.049861907958984,33.231632232666016,33.042545318603516,34.62725067138672,37.16862106323242,35.658058166503906,34.82818603515625,144
145,-2468.9267578125,33.81151580810547,36.02580261230469,33.60228729248047,33.2021369934082,33.37575912475586,33.18885803222656,34.76582717895508,37.19145202636719,35.75837326049805,34.950462341308594,145
146,-2404.57373046875,34.24821090698242,36.44546127319336,34.017417907714844,33.630828857421875,33.78888702392578,33.62509536743164,35.20064926147461,37.61433792114258,36.1700439453125,35.3809928894043,146
147,-2337.740478515625,34.65419006347656,36.84408187866211,34.41273498535156,34.05265426635742,34.19416427612305,34.03034210205078,35.60350036621094,38.010498046875,36.57449722290039,35.796730041503906,147
148,-2257.448486328125,35.09730529785156,37.24032974243164,34.85004806518555,34.553985595703125,34.647377014160156,34.47140121459961,36.03756332397461,38.211570739746094,36.899715423583984,36.22043228149414,148
149,-2079.8583984375,35.97171401977539,38.120948791503906,35.67636489868164,35.43644714355469,35.476985931396484,35.343177795410156,36.920387268066406,39.02984619140625,37.77063751220703,37.13699722290039,149
150,-2026.8956298828125,36.19408416748047,38.339813232421875,35.88982391357422,35.66154098510742,35.690589904785156,35.56577682495117,37.14512252807617,39.274478912353516,37.99627685546875,37.35606002807617,150
151,-1948.6815185546875,36.505496978759766,38.675445556640625,36.177757263183594,35.96289825439453,35.97469711303711,35.876583099365234,37.46440124511719,39.592323303222656,38.35639190673828,37.6967887878418,151
152,-1831.962890625,36.90721130371094,39.1135368347168,36.549800872802734,36.36368179321289,36.351688385009766,36.27564239501953,37.87345886230469,40.156578063964844,38.86263656616211,38.13486099243164,152
153,-1766.732177734375,37.10938262939453,39.33967590332031,36.7315673828125,36.55522155761719,36.53160095214844,36.47707748413086,38.08390808105469,40.364990234375,39.099708557128906,38.375423431396484,153
154,-1784.7283935546875,37.05388259887695,39.273128509521484,36.68183517456055,36.50735855102539,36.483604431152344,36.421024322509766,38.02254104614258,40.2659912109375,38.999019622802734,38.29945373535156,154
155,-1921.4376220703125,36.6077880859375,38.79536056518555,36.26669692993164,36.061553955078125,36.070213317871094,35.97586441040039,37.568172454833984,39.795291900634766,38.50654983520508,37.82359313964844,155
156,-2201.64013671875,35.406959533691406,37.57403564453125,35.12746810913086,34.839500427246094,34.92030715942383,34.77894592285156,36.356998443603516,38.761688232421875,37.331687927246094,36.55817794799805,156
157,-2498.443603515625,33.615047454833984,35.838653564453125,33.39463424682617,32.982093811035156,33.16937255859375,32.99177551269531,34.57158660888672,37.09083938598633,35.60100173950195,34.75861358642578,157
158,-2506.4541015625,33.556922912597656,35.76516342163086,33.34667205810547,32.9184684753418,33.117279052734375,32.93354034423828,34.50851058959961,37.0088996887207,35.53023910522461,34.677181243896484,158
159,-2410.552978515625,34.211612701416016,36.39704513549805,33.977352142333984,33.59197998046875,33.754642486572266,33.58771896362305,35.15761947631836,37.647769927978516,36.17735290527344,35.329349517822266,159
160,-2429.6005859375,34.08797836303711,36.28269577026367,33.85607147216797,33.4817008972168,33.63540267944336,33.46242141723633,35.03675079345703,37.567501068115234,36.05830764770508,35.2052116394043,160
161,-2412.810302734375,34.19111251831055,36.37351608276367,33.9665641784668,33.58963394165039,33.73506546020508,33.565425872802734,35.13690948486328,37.50543975830078,36.06128692626953,35.30012893676758,161
162,-2345.966796875,34.61348342895508,36.79340744018555,34.368865966796875,34.025875091552734,34.13734436035156,33.98758316040039,35.56096649169922,37.966434478759766,36.51304626464844,35.730506896972656,162
163,-2280.66357421875,34.981101989746094,37.12535858154297,34.729698181152344,34.41376876831055,34.508201599121094,34.35383605957031,35.92051696777344,38.256778717041016,36.800418853759766,36.0759391784668,163
164,-2327.806884765625,34.71854019165039,36.90985870361328,34.47228240966797,34.12918472290039,34.24619674682617,34.091827392578125,35.66909408569336,38.14841842651367,36.6716423034668,35.857147216796875,164
165,-2398.581298828125,34.28141784667969,36.477840423583984,34.048580169677734,33.70025634765625,33.836612701416016,33.65500259399414,35.23221969604492,37.67068862915039,36.1762809753418,35.405601501464844,165
166,-2462.26220703125,33.86927795410156,36.08346939086914,33.63831329345703,33.25505828857422,33.41617202758789,33.24366760253906,34.82331466674805,37.37065505981445,35.82321548461914,34.98927688598633,166
167,-2490.714111328125,33.656368255615234,35.85688781738281,33.44896697998047,33.046653747558594,33.23542022705078,33.03166580200195,34.604957580566406,37.07590103149414,35.56692123413086,34.76346206665039,167
168,-2504.250732421875,33.5682487487793,35.76678466796875,33.35898971557617,32.9443473815918,33.13196563720703,32.94447326660156,34.51576614379883,36.987918853759766,35.459571838378906,34.67537307739258,168
169,-2493.513427734375,33.64031219482422,35.85395812988281,33.4315071105957,33.025054931640625,33.218536376953125,33.0165901184082,34.59125900268555,37.047454833984375,35.53966522216797,34.75294494628906,169
170,-2455.986083984375,33.90232849121094,36.10471725463867,33.680484771728516,33.28886413574219,33.469791412353516,33.27983856201172,34.856292724609375,37.20724105834961,35.770164489746094,35.01581954956055,170
171,-2401.607177734375,34.25974655151367,36.444854736328125,34.02693557739258,33.644012451171875,33.830299377441406,33.63703918457031,35.212554931640625,37.62015151977539,36.150386810302734,35.37470245361328,171
172,-2343.26953125,34.6204719543457,36.79250717163086,34.377689361572266,34.020484924316406,34.17304611206055,33.998104095458984,35.566463470458984,38.017215728759766,36.53351974487305,35.73319625854492,172
173,-2254.011474609375,35.127235412597656,37.25840377807617,34.866859436035156,34.54185485839844,34.663414001464844,34.50261688232422,36.06657409667969,38.347618103027344,36.954383850097656,36.22815704345703,173
174,-2092.32177734375,35.91398620605469,38.01450729370117,35.623741149902344,35.37849044799805,35.42892074584961,35.28673553466797,36.855613708496094,38.879207611083984,37.62070083618164,37.03572082519531,174
175,-2015.1044921875,36.24836349487305,38.38554382324219,35.93256759643555,35.70878601074219,35.73589324951172,35.61929702758789,37.19711685180664,39.23710632324219,38.01239013671875,37.40494918823242,175
176,-1961.1973876953125,36.46039581298828,38.60993957519531,36.13254165649414,35.922035217285156,35.934146881103516,35.83006286621094,37.4127082824707,39.54441452026367,38.295928955078125,37.626068115234375,176
177,-1843.5306396484375,36.871421813964844,39.03577423095703,36.515228271484375,36.335731506347656,36.31437301635742,36.239105224609375,37.827701568603516,39.97456741333008,38.734352111816406,38.061744689941406,177
178,-1762.4468994140625,37.120765686035156,39.32270812988281,36.743682861328125,36.566837310791016,36.542205810546875,36.487464904785156,38.08635711669922,40.22321701049805,38.99787902832031,38.353614807128906,178
179,-1794.4410400390625,37.03858184814453,39.256893157958984,36.65520095825195,36.47160720825195,36.45016860961914,36.40553283691406,38.00701141357422,40.18946075439453,38.93321228027344,38.28276062011719,179
180,-1915.5538330078125,36.63861083984375,38.820621490478516,36.286170959472656,36.075862884521484,36.0819206237793,36.006046295166016,37.5961799621582,39.749176025390625,38.51729965209961,37.84384536743164,180
181,-2192.725341796875,35.45838928222656,37.6240348815918,35.168785095214844,34.88036346435547,34.95429992675781,34.82986831665039,36.40795135498047,38.753753662109375,37.36012268066406,36.62456512451172,181
182,-2469.44482421875,33.82407760620117,36.018157958984375,33.59041976928711,33.19160842895508,33.36330795288086,33.19648361206055,34.7680549621582,37.25545883178711,35.75167465209961,34.948726654052734,182
183,-2501.61279296875,33.59691619873047,35.80088424682617,33.379703521728516,32.955108642578125,33.14875793457031,32.969425201416016,34.542335510253906,37.1667594909668,35.549354553222656,34.721248626708984,183
184,-2413.964111328125,34.19153594970703,36.37504959106445,33.955116271972656,33.57093048095703,33.735965728759766,33.56511306762695,35.13405227661133,37.693599700927734,36.11106491088867,35.310054779052734,184
185,-2429.218994140625,34.091487884521484,36.27631759643555,33.8613395690918,33.4683952331543,33.63536071777344,33.46609115600586,35.03400802612305,37.558990478515625,36.02254104614258,35.213401794433594,185
186,-2402.5498046875,34.26500701904297,36.440975189208984,34.025753021240234,33.64332580566406,33.79937744140625,33.639251708984375,35.206871032714844,37.66352844238281,36.14530944824219,35.37794876098633,186
187,-2340.87353515625,34.6404914855957,36.802852630615234,34.39282989501953,34.05018615722656,34.17649459838867,34.01224136352539,35.57664108276367,37.96537780761719,36.499427795410156,35.75082778930664,187
188,-2272.0322265625,35.03443908691406,37.17985153198242,34.774227142333984,34.451995849609375,34.557334899902344,34.4058723449707,35.97361373901367,38.19346618652344,36.84164810180664,36.141693115234375,188
189,-2326.67236328125,34.7245979309082,36.87849807739258,34.474300384521484,34.127159118652344,34.26228332519531,34.097103118896484,35.66495132446289,37.950252532958984,36.52950668334961,35.821937561035156,189
190,-2396.44091796875,34.29769515991211,36.47397994995117,34.05889129638672,33.68854522705078,33.852996826171875,33.671653747558594,35.24014663696289,37.56626510620117,36.15226364135742,35.390342712402344,190
191,-2463.098876953125,33.86284637451172,36.05389404296875,33.64385223388672,33.230613708496094,33.41549301147461,33.23870086669922,34.81047821044922,37.190574645996094,35.70918273925781,34.9588508605957,191
192,-2494.8994140625,33.63592529296875,35.81729507446289,33.4288330078125,33.00397491455078,33.2008056640625,33.01332092285156,34.58274459838867,36.97965621948242,35.48887252807617,34.71927261352539,192
193,-2515.7587890625,33.48239517211914,35.65794372558594,33.29022216796875,32.86845397949219,33.053321838378906,32.86013412475586,34.42726135253906,36.83452606201172,35.30396270751953,34.57678985595703,193
194,-2489.689208984375,33.67207717895508,35.8497428894043,33.46516036987305,33.069801330566406,33.23441696166992,33.046539306640625,34.61595916748047,37.06657409667969,35.52210235595703,34.76444625854492,194
195,-2457.09716796875,33.89451599121094,36.06047821044922,33.68315887451172,33.299560546875,33.454620361328125,33.269866943359375,34.837093353271484,37.216827392578125,35.68515396118164,34.97792053222656,195
196,-2396.71630859375,34.28175735473633,36.44213104248047,34.06834411621094,33.727630615234375,33.85298156738281,33.65575408935547,35.22295379638672,37.52058410644531,36.06155776977539,35.37143325805664,196
197,-2329.823974609375,34.69728088378906,36.870975494384766,34.45947265625,34.129146575927734,34.24789810180664,34.07163619995117,35.64451599121094,37.90309524536133,36.5045280456543,35.8137092590332,197
198,-2253.82568359375,35.1272087097168,37.271263122558594,34.8713493347168,34.57709884643555,34.65839767456055,34.50114822387695,36.0745735168457,38.245750427246094,36.89430236816406,36.24687194824219,198
199,-2076.491943359375,35.99174499511719,38.1261100769043,35.69086456298828,35.43925857543945,35.48593521118164,35.364418029785156,36.93889236450195,39.102569580078125,37.78681182861328,37.12459945678711,199
200,-2031.4908447265625,36.184303283691406,38.33546447753906,35.871700286865234,35.63314437866211,35.66716766357422,35.55610656738281,37.13613510131836,39.27897262573242,37.97711181640625,37.33959197998047,200
201,-1969.814697265625,36.42723083496094,38.595829010009766,36.10126495361328,35.880088806152344,35.901756286621094,35.79811477661133,37.38662338256836,39.543983459472656,38.234859466552734,37.60492706298828,201
202,-1840.32861328125,36.883426666259766,39.076011657714844,36.521568298339844,36.342796325683594,36.32814407348633,36.251651763916016,37.847984313964844,39.97547912597656,38.71915817260742,38.099159240722656,202
203,-1748.8023681640625,37.16340637207031,39.38583755493164,36.77659225463867,36.61533737182617,36.58113098144531,36.52915954589844,38.13435745239258,40.33238983154297,39.091426849365234,38.41292953491211,203
204,-1773.808837890625,37.09429931640625,39.32520294189453,36.70976638793945,36.53895568847656,36.51190185546875,36.45989990234375,38.06416702270508,40.34639358520508,39.02671432495117,38.34433364868164,204
205,-1904.21875,36.67267990112305,38.886260986328125,36.324031829833984,36.12395477294922,36.122840881347656,36.03959655761719,37.63772964477539,39.93844985961914,38.614200592041016,37.897361755371094,205
206,-2205.6591796875,35.38445281982422,37.55913162231445,35.10857009887695,34.81688690185547,34.89812469482422,34.75625228881836,36.33551025390625,38.79401397705078,37.33360290527344,36.535728454589844,206
207,-2490.79296875,33.67273712158203,35.91455841064453,33.45351791381836,33.0400276184082,33.22010040283203,33.04695510864258,34.62687301635742,37.277366638183594,35.700218200683594,34.81980895996094,207
208,-2512.134521484375,33.51734161376953,35.75281524658203,33.30427551269531,32.89297103881836,33.07403564453125,32.89128494262695,34.46891784667969,37.07387161254883,35.51338195800781,34.65790557861328,208
209,-2418.4423828125,34.15943145751953,36.37783432006836,33.930641174316406,33.55235290527344,33.707122802734375,33.53171920776367,35.112545013427734,37.64926528930664,36.09406661987305,35.30355453491211,209
210,-2417.802734375,34.1627311706543,36.3795280456543,33.93106460571289,33.5516471862793,33.705081939697266,33.53681564331055,35.11779022216797,37.7542610168457,36.15033721923828,35.29505157470703,210
211,-2403.999755859375,34.250301361083984,36.4577751159668,34.019596099853516,33.62455368041992,33.79494857788086,33.62570571899414,35.20400619506836,37.715171813964844,36.155147552490234,35.38063430786133,211
212,-2359.8662109375,34.52069091796875,36.713417053222656,34.2845344543457,33.9173469543457,34.068302154541016,33.89593505859375,35.471473693847656,37.943416595458984,36.415618896484375,35.650611877441406,212
213,-2288.110107421875,34.941375732421875,37.101375579833984,34.69196319580078,34.347137451171875,34.47329330444336,34.31636428833008,35.89010238647461,38.175689697265625,36.762115478515625,36.05724334716797,213
214,-2332.262939453125,34.688880920410156,36.878421783447266,34.441375732421875,34.08867263793945,34.22541046142578,34.063350677490234,35.64225387573242,38.03531265258789,36.57106399536133,35.821693420410156,214
215,-2360.14794921875,34.515010833740234,36.70148468017578,34.28008270263672,33.92559051513672,34.064537048339844,33.889591217041016,35.467933654785156,37.836158752441406,36.38108444213867,35.65506362915039,215
216,-2458.099609375,33.88461685180664,36.089073181152344,33.66767120361328,33.283042907714844,33.46160125732422,33.25960159301758,34.83742141723633,37.30261993408203,35.82040023803711,35.00654602050781,216
217,-2497.783203125,33.603050231933594,35.78382873535156,33.403907775878906,32.98798370361328,33.18769836425781,32.981449127197266,34.55070495605469,36.899696350097656,35.45240020751953,34.70066452026367,217
218,-2512.054443359375,33.507911682128906,35.69091033935547,33.30567932128906,32.88220977783203,33.087799072265625,32.886749267578125,34.45328903198242,36.77999496459961,35.35031509399414,34.60383605957031,218
219,-2500.3955078125,33.581825256347656,35.7720947265625,33.3853645324707,32.981346130371094,33.17525100708008,32.96099853515625,34.53111267089844,36.84123229980469,35.43886184692383,34.685142517089844,219
220,-2458.06884765625,33.88070297241211,36.075660705566406,33.67045211791992,33.29973602294922,33.45967102050781,33.25820541381836,34.83311462402344,37.2379264831543,35.78971862792969,34.990081787109375,220
221,-2398.2939453125,34.27738571166992,36.48030471801758,34.05366516113281,33.698387145996094,33.84279251098633,33.652557373046875,35.23294448852539,37.51988220214844,36.12865447998047,35.40770721435547,221
222,-2332.6767578125,34.677921295166016,36.84696578979492,34.441349029541016,34.114952087402344,34.2297477722168,34.0536994934082,35.62989807128906,37.89067840576172,36.49530029296875,35.78935623168945,222
223,-2258.14208984375,35.10303497314453,37.24306869506836,34.84738540649414,34.542381286621094,34.636566162109375,34.476871490478516,36.05059814453125,38.20890426635742,36.87554931640625,36.20882797241211,223
224,-2088.0576171875,35.938568115234375,38.04490661621094,35.6466064453125,35.39689636230469,35.439876556396484,35.31078338623047,36.884857177734375,38.851409912109375,37.67911911010742,37.05220413208008,224
225,-2041.0177001953125,36.14288330078125,38.28814697265625,35.83738327026367,35.605430603027344,35.63267135620117,35.513450622558594,37.09378433227539,39.2309455871582,37.950157165527344,37.295169830322266,225
226,-1966.8359375,36.4440803527832,38.616302490234375,36.11532974243164,35.89452362060547,35.906776428222656,35.81437683105469,37.405574798583984,39.51426696777344,38.2797966003418,37.62999725341797,226
227,-1836.0889892578125,36.89246368408203,39.095462799072266,36.53588104248047,36.35514831542969,36.33918380737305,36.261085510253906,37.85975646972656,40.019859313964844,38.78822326660156,38.12607955932617,227
228,-1761.1646728515625,37.12063217163086,39.354209899902344,36.74551010131836,36.5785026550293,36.544647216796875,36.48782730102539,38.09481430053711,40.27070999145508,39.05310821533203,38.389102935791016,228
229,-1773.1708984375,37.09514236450195,39.32813262939453,36.71444320678711,36.53570556640625,36.505550384521484,36.462162017822266,38.06904602050781,40.19892120361328,38.98147201538086,38.363067626953125,229
230,-1920.0164794921875,36.61387634277344,38.80001449584961,36.27361297607422,36.065895080566406,36.069984436035156,35.98211669921875,37.57206726074219,39.711753845214844,38.44580841064453,37.82207489013672,230
231,-2187.246826171875,35.4815788269043,37.63861083984375,35.196083068847656,34.89989471435547,34.99425506591797,34.853965759277344,36.42888259887695,38.69483947753906,37.31821823120117,36.62314987182617,231
232,-2496.118408203125,33.623313903808594,35.83977508544922,33.41359329223633,32.99197006225586,33.19866180419922,32.998172760009766,34.57414245605469,37.13373565673828,35.586856842041016,34.74319839477539,232
233,-2520.414794921875,33.458099365234375,35.67921447753906,33.247215270996094,32.80144119262695,33.0218620300293,32.834136962890625,34.41066360473633,36.96611404418945,35.428367614746094,34.58433151245117,233
234,-2426.033447265625,34.10682678222656,36.32234191894531,33.87588882446289,33.492515563964844,33.667030334472656,33.480892181396484,35.05992126464844,37.597415924072266,36.06211471557617,35.252967834472656,234
235,-2437.780029296875,34.02707290649414,36.25593948364258,33.80240249633789,33.418357849121094,33.583980560302734,33.40144729614258,34.982120513916016,37.533931732177734,35.98774719238281,35.18162155151367,235
236,-2415.79931640625,34.16701889038086,36.3847541809082,33.94218444824219,33.556541442871094,33.7275390625,33.54195785522461,35.12108612060547,37.5917854309082,36.09196090698242,35.305419921875,236
237,-2351.018310546875,34.57474136352539,36.7765007019043,34.33641052246094,33.97507858276367,34.117637634277344,33.94832229614258,35.52571105957031,38.02310562133789,36.50448226928711,35.71632385253906,237
238,-2274.751953125,35.01588821411133,37.168331146240234,34.76275634765625,34.426918029785156,34.54518127441406,34.38874435424805,35.957794189453125,38.30015182495117,36.8775520324707,36.12800598144531,238
239,-2333.831787109375,34.678707122802734,36.87217712402344,34.44114685058594,34.10147476196289,34.225555419921875,34.051265716552734,35.62767791748047,38.09226608276367,36.61669921875,35.81098556518555,239
240,-2387.52978515625,34.3452262878418,36.533599853515625,34.1234245300293,33.75013732910156,33.905784606933594,33.71930694580078,35.29046630859375,37.73164749145508,36.25402069091797,35.466243743896484,240
241,-2470.021484375,33.80150604248047,36.000675201416016,33.59807586669922,33.19590377807617,33.373390197753906,33.177345275878906,34.75060272216797,37.305843353271484,35.751983642578125,34.899200439453125,241
242,-2499.8701171875,33.591793060302734,35.79243469238281,33.39411163330078,32.98963928222656,33.16581344604492,32.968711853027344,34.539852142333984,37.123435974121094,35.581695556640625,34.68280792236328,242
243,-2517.112060546875,33.46387481689453,35.65715026855469,33.27499008178711,32.87458801269531,33.053836822509766,32.840789794921875,34.410667419433594,36.86237716674805,35.368255615234375,34.55389404296875,243
244,-2493.001953125,33.64604949951172,35.85411071777344,33.43830871582031,33.03885269165039,33.221229553222656,33.02363586425781,34.59864044189453,37.04729461669922,35.55134201049805,34.75884246826172,244
245,-2462.898681640625,33.854740142822266,36.04901885986328,33.63933181762695,33.26093292236328,33.41864013671875,33.23135757446289,34.8055419921875,37.31059646606445,35.767127990722656,34.95912551879883,245
246,-2411.50537109375,34.198307037353516,36.38711166381836,33.971031188964844,33.609195709228516,33.75213623046875,33.57561492919922,35.149051666259766,37.59675216674805,36.09463119506836,35.311161041259766,246
247,-2354.36328125,34.557926177978516,36.729244232177734,34.31880569458008,33.9612922668457,34.09691619873047,33.93484878540039,35.50392150878906,37.89606857299805,36.454586029052734,35.66858673095703,247
248,-2252.4287109375,35.13119125366211,37.24620819091797,34.87736511230469,34.58169937133789,34.67359924316406,34.505184173583984,36.06693649291992,38.20389938354492,36.908260345458984,36.21870803833008,248
249,-2079.551025390625,35.97468948364258,38.094322204589844,35.67501449584961,35.44126510620117,35.48687744140625,35.34645462036133,36.91646194458008,38.95801544189453,37.71967315673828,37.11610412597656,249
250,-2029.232421875,36.194278717041016,38.32160949707031,35.878074645996094,35.65032196044922,35.679954528808594,35.56554412841797,37.14204406738281,39.15623092651367,37.930206298828125,37.35428237915039,250
251,-1959.63916015625,36.465999603271484,38.605979919433594,36.13746643066406,35.92381286621094,35.93879699707031,35.83607864379883,37.4171028137207,39.431026458740234,38.22376251220703,37.6484375,251
252,-1839.6729736328125,36.885719299316406,39.06907653808594,36.525726318359375,36.33467483520508,36.32634353637695,36.254459381103516,37.850120544433594,39.95673751831055,38.740562438964844,38.11368942260742,252
253,-1766.5205078125,37.105106353759766,39.29700469970703,36.73344039916992,36.559226989746094,36.532718658447266,36.472450256347656,38.069068908691406,40.1019287109375,38.930023193359375,38.34539794921875,253
254,-1783.0128173828125,37.062137603759766,39.249610900878906,36.68897247314453,36.506446838378906,36.48130416870117,36.42852783203125,38.02455139160156,40.069618225097656,38.86848449707031,38.30086898803711,254
255,-1921.081787109375,36.61508560180664,38.775630950927734,36.270423889160156,36.05585861206055,36.05825424194336,35.98250198364258,37.568939208984375,39.54071044921875,38.38144302368164,37.81492233276367,255
256,-2192.478271484375,35.453765869140625,37.601806640625,35.17512893676758,34.88190841674805,34.95976257324219,34.82356643676758,36.39616775512695,38.6436653137207,37.314151763916016,36.60000228881836,256
257,-2489.64599609375,33.66477966308594,35.846153259277344,33.46311569213867,33.05849075317383,33.22949981689453,33.038169860839844,34.60622024536133,36.96856689453125,35.54240417480469,34.772186279296875,257
258,-2509.256103515625,33.52098083496094,35.71989440917969,33.33390808105469,32.90675354003906,33.09580993652344,32.8961067199707,34.469200134277344,36.820106506347656,35.40176010131836,34.640811920166016,258
259,-2415.072021484375,34.1710319519043,36.355350494384766,33.95234298706055,33.56671142578125,33.72771453857422,33.545387268066406,35.11540603637695,37.47886276245117,36.03656768798828,35.28962707519531,259
260,-2437.27001953125,34.02314758300781,36.200626373291016,33.808414459228516,33.413124084472656,33.593414306640625,33.39856719970703,34.963844299316406,37.38625717163086,35.88236618041992,35.133445739746094,260
261,-2405.202880859375,34.23423385620117,36.42631912231445,34.00940704345703,33.63277053833008,33.799644470214844,33.608154296875,35.1785774230957,37.670345306396484,36.13813400268555,35.36105728149414,261
262,-2368.307861328125,34.47026443481445,36.66398239135742,34.23851776123047,33.86808395385742,34.01701354980469,33.84389877319336,35.42061233520508,37.87017822265625,36.393192291259766,35.602272033691406,262
263,-2271.791748046875,35.02848815917969,37.17091751098633,34.776981353759766,34.4667854309082,34.56101989746094,34.400733947753906,35.9672966003418,38.26280975341797,36.84447479248047,36.12922286987305,263
264,-2338.4140625,34.647727966308594,36.825531005859375,34.40756607055664,34.077781677246094,34.19336700439453,34.020050048828125,35.59310531616211,38.09926223754883,36.54936599731445,35.77064895629883,264
265,-2407.646240234375,34.220821380615234,36.43074035644531,33.99235534667969,33.64183807373047,33.780208587646484,33.59393310546875,35.17242431640625,37.73067092895508,36.15971374511719,35.351104736328125,265
266,-2457.47705078125,33.88901901245117,36.08942413330078,33.67058563232422,33.29844284057617,33.455284118652344,33.26467514038086,34.84231948852539,37.30347442626953,35.758338928222656,34.99887466430664,266
267,-2503.33984375,33.56319808959961,35.74271774291992,33.36774826049805,32.96052551269531,33.147682189941406,32.94062042236328,34.50833511352539,36.84849548339844,35.35950469970703,34.655784606933594,267
268,-2514.856689453125,33.48512649536133,35.69203186035156,33.29226303100586,32.87605667114258,33.07203674316406,32.85995101928711,34.433895111083984,36.87694549560547,35.3727912902832,34.598079681396484,268
269,-2494.965087890625,33.63531494140625,35.83213424682617,33.43389892578125,33.03276443481445,33.196258544921875,33.010658264160156,34.580841064453125,37.04563903808594,35.549190521240234,34.743167877197266,269
270,-2476.756103515625,33.76627731323242,35.962303161621094,33.555145263671875,33.13605880737305,33.314571380615234,33.14287567138672,34.71428298950195,37.219905853271484,35.68165588378906,34.877723693847656,270
271,-2400.29150390625,34.2732048034668,36.473514556884766,34.04515075683594,33.66755676269531,33.81478500366211,33.648963928222656,35.22455978393555,37.69849395751953,36.19966506958008,35.40425109863281,271
272,-2355.541015625,34.551334381103516,36.74465560913086,34.315032958984375,33.94966506958008,34.09107971191406,33.926300048828125,35.500389099121094,37.974910736083984,36.50825881958008,35.68893814086914,272
273,-2242.37158203125,35.19235610961914,37.317874908447266,34.93064498901367,34.61793518066406,34.717063903808594,34.568115234375,36.13399124145508,38.35857391357422,36.994258880615234,36.29252243041992,273
274,-2084.242919921875,35.96014404296875,38.08083724975586,35.66366195678711,35.41447448730469,35.451942443847656,35.333030700683594,36.90636444091797,38.96207809448242,37.68415451049805,37.088844299316406,274
275,-2037.6961669921875,36.161407470703125,38.302059173583984,35.849517822265625,35.61378860473633,35.644771575927734,35.53280258178711,37.110904693603516,39.13853073120117,37.88700866699219,37.314117431640625,275
276,-1966.11767578125,36.44906234741211,38.60763168334961,36.116546630859375,35.886470794677734,35.90760803222656,35.81901931762695,37.405662536621094,39.471614837646484,38.2454833984375,37.63796615600586,276
277,-1837.136962890625,36.89755630493164,39.075111389160156,36.534080505371094,36.33943557739258,36.334869384765625,36.264869689941406,37.85611343383789,39.95755386352539,38.7144775390625,38.10909652709961,277
278,-1761.2630615234375,37.134803771972656,39.367801666259766,36.746337890625,36.56482696533203,36.54066848754883,36.50160598754883,38.10600280761719,40.30551528930664,39.06572723388672,38.3940544128418,278
279,-1789.4539794921875,37.04793930053711,39.266239166259766,36.6677360534668,36.48943328857422,36.47134017944336,36.41538619995117,38.01716613769531,40.24018859863281,38.97105026245117,38.29469680786133,279
280,-1921.85986328125,36.61669158935547,38.813392639160156,36.266273498535156,36.04702377319336,36.06332015991211,35.98575973510742,37.57832336425781,39.81094741821289,38.52173614501953,37.84125900268555,280
281,-2195.347412109375,35.44377136230469,37.62910461425781,35.15968322753906,34.84840774536133,34.94619369506836,34.815704345703125,36.397735595703125,38.717132568359375,37.360496520996094,36.627899169921875,281
282,-2482.9521484375,33.723365783691406,35.96289825439453,33.50764846801758,33.08100128173828,33.274070739746094,33.09890365600586,34.681087493896484,37.26279067993164,35.69541549682617,34.888668060302734,282
283,-2508.754638671875,33.53703689575195,35.7762336730957,33.33075714111328,32.91891098022461,33.09634780883789,32.91114044189453,34.49222946166992,36.98228454589844,35.47050857543945,34.692630767822266,283
284,-2417.906494140625,34.16594696044922,36.38646697998047,33.929039001464844,33.549495697021484,33.70127868652344,33.53981018066406,35.1226806640625,37.49274826049805,36.03053665161133,35.320980072021484,284
285,-2430.947509765625,34.06501388549805,36.25798416137695,33.848819732666016,33.48304748535156,33.6270751953125,33.438533782958984,35.014896392822266,37.337615966796875,35.89436340332031,35.192771911621094,285
286,-2414.353515625,34.1689567565918,36.34726333618164,33.95696258544922,33.59358596801758,33.73102569580078,33.54375457763672,35.11513900756836,37.419002532958984,36.00049591064453,35.28330612182617,286
287,-2357.562255859375,34.526145935058594,36.702186584472656,34.300907135009766,33.948787689208984,34.08932113647461,33.899627685546875,35.47282791137695,37.78840637207031,36.37705612182617,35.65390396118164,287
